Workbook

Sheet Sheet1
O2: No-show rate | P2: =1% -> 0.01 | Q2: 0.03 | R2: 0.05
A4: Sailing | B4: Cabin Type | C4: Fare Class | D4: Capacity (cabins) | E4: Price ($/cabin) | F4: Expected Demand | G4: Overbook Cap | H4: Comp / Guest ($) | I4: Decision booking | J4: Max Allowed Bookings (Cap+OB) | K4: Revenue ($) | L4: overbooking compensation | M4: Net Row Profit ($) | O4: Objective | P4: =SUM(M5:M346) -> 31234927
A5: S1 | B5: Balcony | C5: Early | D5: 1088 | E5: 897 | F5: 434 | G5: 33 | H5: 500 | I5: 412 | J5: =D5+G5 -> 1121 | K5: =I5*E5 -> 369564 | L5: =(1-$Q$2)*(E5+H5)*I351 -> 44717.97 | M5: =K5-L5 -> 324846.03
A6: S1 | B6: Balcony | C6: Premium | D6: 1088 | E6: 1177 | F6: 286 | G6: 33 | H6: 500 | I6: 286 | J6: =D6+G6 -> 1121 | K6: =I6*E6 -> 336622 | L6: =(1-$Q$2)*(E6+H6)*I352 -> 9760.14 | M6: =K6-L6 -> 326861.86
A7: S1 | B7: Balcony | C7: Standard | D7: 1088 | E7: 997 | F7: 423 | G7: 33 | H7: 500 | I7: 423 | J7: =D7+G7 -> 1121 | K7: =I7*E7 -> 421731 | L7: =(1-$Q$2)*(E7+H7)*I353 -> 0 | M7: =K7-L7 -> 421731 | O7: <-- This is OBS1Balcony
A8: S1 | B8: Club Balcony | C8: Early | D8: 308 | E8: 1097 | F8: 119 | G8: 8 | H8: 700 | I8: 119 | J8: =D8+G8 -> 316 | K8: =I8*E8 -> 130543 | L8: =(1-$Q$2)*(E8+H8)*I354 -> 0 | M8: =K8-L8 -> 130543
A9: S1 | B9: Club Balcony | C9: Premium | D9: 308 | E9: 1438 | F9: 79 | G9: 8 | H9: 700 | I9: 79 | J9: =D9+G9 -> 316 | K9: =I9*E9 -> 113602 | L9: =(1-$Q$2)*(E9+H9)*I355 -> 0 | M9: =K9-L9 -> 113602
A10: S1 | B10: Club Balcony | C10: Standard | D10: 308 | E10: 1219 | F10: 116 | G10: 8 | H10: 700 | I10: 116 | J10: =D10+G10 -> 316 | K10: =I10*E10 -> 141404 | L10: =(1-$Q$2)*(E10+H10)*I356 -> 0 | M10: =K10-L10 -> 141404 | O10: I5 + I6 + i7 <= 1121
A11: S1 | B11: Haven | C11: Early | D11: 80 | E11: 5185 | F11: 27 | G11: 1 | H11: 2500 | I11: 27 | J11: =D11+G11 -> 81 | K11: =I11*E11 -> 139995 | L11: =(1-$Q$2)*(E11+H11)*I357 -> 0 | M11: =K11-L11 -> 139995 | O11: I5 + I6 + I7 <= 1088 + OBS1Balcony
A12: S1 | B12: Haven | C12: Premium | D12: 80 | E12: 6799 | F12: 18 | G12: 1 | H12: 2500 | I12: 18 | J12: =D12+G12 -> 81 | K12: =I12*E12 -> 122382 | L12: =(1-$Q$2)*(E12+H12)*I358 -> 0 | M12: =K12-L12 -> 122382
A13: S1 | B13: Haven | C13: Standard | D13: 80 | E13: 5762 | F13: 26 | G13: 1 | H13: 2500 | I13: 26 | J13: =D13+G13 -> 81 | K13: =I13*E13 -> 149812 | L13: =(1-$Q$2)*(E13+H13)*I359 -> 0 | M13: =K13-L13 -> 149812 | O13: OBS1Balcony = how many balcony cabins in Sailing 1 were overbooked
A14: S1 | B14: Inside | C14: Early | D14: 374 | E14: 519 | F14: 146 | G14: 11 | H14: 250 | I14: 135 | J14: =D14+G14 -> 385 | K14: =I14*E14 -> 70065 | L14: =(1-$Q$2)*(E14+H14)*I360 -> 7459.3 | M14: =K14-L14 -> 62605.7
A15: S1 | B15: Inside | C15: Premium | D15: 374 | E15: 680 | F15: 96 | G15: 11 | H15: 250 | I15: 96 | J15: =D15+G15 -> 385 | K15: =I15*E15 -> 65280 | L15: =(1-$Q$2)*(E15+H15)*I361 -> 0 | M15: =K15-L15 -> 65280
A16: S1 | B16: Inside | C16: Standard | D16: 374 | E16: 576 | F16: 143 | G16: 11 | H16: 250 | I16: 143 | J16: =D16+G16 -> 385 | K16: =I16*E16 -> 82368 | L16: =(1-$Q$2)*(E16+H16)*I362 -> 0 | M16: =K16-L16 -> 82368
A17: S1 | B17: Oceanview | C17: Early | D17: 111 | E17: 698 | F17: 40 | G17: 3 | H17: 350 | I17: 40 | J17: =D17+G17 -> 114 | K17: =I17*E17 -> 27920 | L17: =(1-$Q$2)*(E17+H17)*I363 -> 11182.16 | M17: =K17-L17 -> 16737.84
A18: S1 | B18: Oceanview | C18: Premium | D18: 111 | E18: 915 | F18: 27 | G18: 3 | H18: 350 | I18: 27 | J18: =D18+G18 -> 114 | K18: =I18*E18 -> 24705 | L18: =(1-$Q$2)*(E18+H18)*I364 -> 3681.15 | M18: =K18-L18 -> 21023.85
A19: S1 | B19: Oceanview | C19: Standard | D19: 111 | E19: 776 | F19: 39 | G19: 3 | H19: 350 | I19: 39 | J19: =D19+G19 -> 114 | K19: =I19*E19 -> 30264 | L19: =(1-$Q$2)*(E19+H19)*I365 -> 0 | M19: =K19-L19 -> 30264
A20: S1 | B20: Studio | C20: Early | D20: 82 | E20: 558 | F20: 28 | G20: 2 | H20: 220 | I20: 28 | J20: =D20+G20 -> 84 | K20: =I20*E20 -> 15624 | L20: =(1-$Q$2)*(E20+H20)*I366 -> 9055.92 | M20: =K20-L20 -> 6568.08
A21: S1 | B21: Studio | C21: Premium | D21: 82 | E21: 732 | F21: 18 | G21: 2 | H21: 220 | I21: 18 | J21: =D21+G21 -> 84 | K21: =I21*E21 -> 13176 | L21: =(1-$Q$2)*(E21+H21)*I367 -> 0 | M21: =K21-L21 -> 13176
A22: S1 | B22: Studio | C22: Standard | D22: 82 | E22: 620 | F22: 27 | G22: 2 | H22: 220 | I22: 27 | J22: =D22+G22 -> 84 | K22: =I22*E22 -> 16740 | L22: =(1-$Q$2)*(E22+H22)*I368 -> 0 | M22: =K22-L22 -> 16740
A23: S10 | B23: Balcony | C23: Early | D23: 1048 | E23: 893 | F23: 418 | G23: 31 | H23: 500 | I23: 366 | J23: =D23+G23 -> 1079 | K23: =I23*E23 -> 326838 | L23: =(1-$Q$2)*(E23+H23)*I369 -> 37833.88 | M23: =K23-L23 -> 289004.12
A24: S10 | B24: Balcony | C24: Premium | D24: 1048 | E24: 1170 | F24: 275 | G24: 31 | H24: 500 | I24: 275 | J24: =D24+G24 -> 1079 | K24: =I24*E24 -> 321750 | L24: =(1-$Q$2)*(E24+H24)*I370 -> 1619.9 | M24: =K24-L24 -> 320130.1
A25: S10 | B25: Balcony | C25: Standard | D25: 1048 | E25: 992 | F25: 407 | G25: 31 | H25: 500 | I25: 407 | J25: =D25+G25 -> 1079 | K25: =I25*E25 -> 403744 | L25: =(1-$Q$2)*(E25+H25)*I371 -> 0 | M25: =K25-L25 -> 403744
... A119: S15 | B119: Suite | C119: Early | D119: 18 | E119: 2520 | F119: 6 | G119: 0 | H119: 1300 | I119: 6 | J119: =D119+G119 -> 18 | K119: =I119*E119 -> 15120 | L119: =(1-$Q$2)*(E119+H119)*I465 -> 0 | M119: =K119-L119 -> 15120
A120: S15 | B120: Suite | C120: Premium | D120: 18 | E120: 3304 | F120: 4 | G120: 0 | H120: 1300 | I120: 4 | J120: =D120+G120 -> 18 | K120: =I120*E120 -> 13216 | L120: =(1-$Q$2)*(E120+H120)*Sheet2!I1 -> 0 | M120: =K120-L120 -> 13216
A121: S15 | B121: Suite | C121: Standard | D121: 18 | E121: 2800 | F121: 6 | G121: 0 | H121: 1300 | I121: 6 | J121: =D121+G121 -> 18 | K121: =I121*E121 -> 16800 | L121: =(1-$Q$2)*(E121+H121)*Sheet2!I2 -> 0 | M121: =K121-L121 -> 16800
A122: S16 | B122: Balcony | C122: Early | D122: 368 | E122: 815 | F122: 147 | G122: 11 | H122: 500 | I122: 128 | J122: =D122+G122 -> 379 | K122: =I122*E122 -> 104320 | L122: =(1-$Q$2)*(E122+H122)*Sheet2!I3 -> 0 | M122: =K122-L122 -> 104320
A123: S16 | B123: Balcony | C123: Premium | D123: 368 | E123: 1068 | F123: 97 | G123: 11 | H123: 500 | I123: 97 | J123: =D123+G123 -> 379 | K123: =I123*E123 -> 103596 | L123: =(1-$Q$2)*(E123+H123)*Sheet2!I4 -> 0 | M123: =K123-L123 -> 103596
A124: S16 | B124: Balcony | C124: Standard | D124: 368 | E124: 905 | F124: 143 | G124: 11 | H124: 500 | I124: 143 | J124: =D124+G124 -> 379 | K124: =I124*E124 -> 129415 | L124: =(1-$Q$2)*(E124+H124)*Sheet2!I5 -> 0 | M124: =K124-L124 -> 129415
A125: S16 | B125: Club Balcony | C125: Early | D125: 107 | E125: 996 | F125: 41 | G125: 3 | H125: 700 | I125: 40 | J125: =D125+G125 -> 110 | K125: =I125*E125 -> 39840 | L125: =(1-$Q$2)*(E125+H125)*Sheet2!I6 -> 0 | M125: =K125-L125 -> 39840
A126: S16 | B126: Club Balcony | C126: Premium | D126: 107 | E126: 1306 | F126: 27 | G126: 3 | H126: 700 | I126: 27 | J126: =D126+G126 -> 110 | K126: =I126*E126 -> 35262 | L126: =(1-$Q$2)*(E126+H126)*Sheet2!I7 -> 0 | M126: =K126-L126 -> 35262
A127: S16 | B127: Club Balcony | C127: Standard | D127: 107 | E127: 1107 | F127: 40 | G127: 3 | H127: 700 | I127: 40 | J127: =D127+G127 -> 110 | K127: =I127*E127 -> 44280 | L127: =(1-$Q$2)*(E127+H127)*Sheet2!I8 -> 0 | M127: =K127-L127 -> 44280
A128: S16 | B128: Inside | C128: Early | D128: 385 | E128: 471 | F128: 151 | G128: 12 | H128: 250 | I128: 139 | J128: =D128+G128 -> 397 | K128: =I128*E128 -> 65469 | L128: =(1-$Q$2)*(E128+H128)*Sheet2!I9 -> 0 | M128: =K128-L128 -> 65469
A129: S16 | B129: Inside | C129: Premium | D129: 385 | E129: 617 | F129: 99 | G129: 12 | H129: 250 | I129: 99 | J129: =D129+G129 -> 397 | K129: =I129*E129 -> 61083 | L129: =(1-$Q$2)*(E129+H129)*Sheet2!I10 -> 0 | M129: =K129-L129 -> 61083
A130: S16 | B130: Inside | C130: Standard | D130: 385 | E130: 523 | F130: 147 | G130: 12 | H130: 250 | I130: 147 | J130: =D130+G130 -> 397 | K130: =I130*E130 -> 76881 | L130: =(1-$Q$2)*(E130+H130)*Sheet2!I11 -> 0 | M130: =K130-L130 -> 76881
A131: S16 | B131: Oceanview | C131: Early | D131: 250 | E131: 634 | F131: 91 | G131: 6 | H131: 350 | I131: 91 | J131: =D131+G131 -> 256 | K131: =I131*E131 -> 57694 | L131: =(1-$Q$2)*(E131+H131)*Sheet2!I12 -> 0 | M131: =K131-L131 -> 57694
... A259: S4 | B259: Studio | C259: Standard | D259: 82 | E259: 624 | F259: 27 | G259: 2 | H259: 220 | I259: 27 | J259: =D259+G259 -> 84 | K259: =I259*E259 -> 16848 | L259: =(1-$Q$2)*(E259+H259)*Sheet2!I140 -> 0 | M259: =K259-L259 -> 16848
A260: S5 | B260: Balcony | C260: Early | D260: 1086 | E260: 859 | F260: 433 | G260: 33 | H260: 500 | I260: 412 | J260: =D260+G260 -> 1119 | K260: =I260*E260 -> 353908 | L260: =(1-$Q$2)*(E260+H260)*I606 -> 0 | M260: =K260-L260 -> 353908
A261: S5 | B261: Balcony | C261: Premium | D261: 1086 | E261: 1126 | F261: 285 | G261: 33 | H261: 500 | I261: 285 | J261: =D261+G261 -> 1119 | K261: =I261*E261 -> 320910 | L261: =(1-$Q$2)*(E261+H261)*I607 -> 0 | M261: =K261-L261 -> 320910
A262: S5 | B262: Balcony | C262: Standard | D262: 1086 | E262: 954 | F262: 422 | G262: 33 | H262: 500 | I262: 422 | J262: =D262+G262 -> 1119 | K262: =I262*E262 -> 402588 | L262: =(1-$Q$2)*(E262+H262)*I608 -> 0 | M262: =K262-L262 -> 402588
A263: S5 | B263: Club Balcony | C263: Early | D263: 265 | E263: 1049 | F263: 103 | G263: 7 | H263: 700 | I263: 103 | J263: =D263+G263 -> 272 | K263: =I263*E263 -> 108047 | L263: =(1-$Q$2)*(E263+H263)*I609 -> 0 | M263: =K263-L263 -> 108047
A264: S5 | B264: Club Balcony | C264: Premium | D264: 265 | E264: 1376 | F264: 68 | G264: 7 | H264: 700 | I264: 68 | J264: =D264+G264 -> 272 | K264: =I264*E264 -> 93568 | L264: =(1-$Q$2)*(E264+H264)*I610 -> 0 | M264: =K264-L264 -> 93568
A265: S5 | B265: Club Balcony | C265: Standard | D265: 265 | E265: 1166 | F265: 100 | G265: 7 | H265: 700 | I265: 100 | J265: =D265+G265 -> 272 | K265: =I265*E265 -> 116600 | L265: =(1-$Q$2)*(E265+H265)*I611 -> 0 | M265: =K265-L265 -> 116600
A266: S5 | B266: Haven | C266: Early | D266: 75 | E266: 4961 | F266: 25 | G266: 1 | H266: 2500 | I266: 25 | J266: =D266+G266 -> 76 | K266: =I266*E266 -> 124025 | L266: =(1-$Q$2)*(E266+H266)*I612 -> 0 | M266: =K266-L266 -> 124025
A267: S5 | B267: Haven | C267: Premium | D267: 75 | E267: 6504 | F267: 16 | G267: 1 | H267: 2500 | I267: 16 | J267: =D267+G267 -> 76 | K267: =I267*E267 -> 104064 | L267: =(1-$Q$2)*(E267+H267)*I613 -> 0 | M267: =K267-L267 -> 104064
A268: S5 | B268: Haven | C268: Standard | D268: 75 | E268: 5512 | F268: 24 | G268: 1 | H268: 2500 | I268: 24 | J268: =D268+G268 -> 76 | K268: =I268*E268 -> 132288 | L268: =(1-$Q$2)*(E268+H268)*I614 -> 0 | M268: =K268-L268 -> 132288
A269: S5 | B269: Inside | C269: Early | D269: 560 | E269: 496 | F269: 219 | G269: 17 | H269: 250 | I269: 203 | J269: =D269+G269 -> 577 | K269: =I269*E269 -> 100688 | L269: =(1-$Q$2)*(E269+H269)*I615 -> 0 | M269: =K269-L269 -> 100688
A270: S5 | B270: Inside | C270: Premium | D270: 560 | E270: 650 | F270: 144 | G270: 17 | H270: 250 | I270: 144 | J270: =D270+G270 -> 577 | K270: =I270*E270 -> 93600 | L270: =(1-$Q$2)*(E270+H270)*I616 -> 0 | M270: =K270-L270 -> 93600
A271: S5 | B271: Inside | C271: Standard | D271: 560 | E271: 551 | F271: 213 | G271: 17 | H271: 250 | I271: 213 | J271: =D271+G271 -> 577 | K271: =I271*E271 -> 117363 | L271: =(1-$Q$2)*(E271+H271)*I617 -> 0 | M271: =K271-L271 -> 117363
... A346: S9 | B346: Suite | C346: Standard | D346: 30 | E346: 2901 | F346: 10 | G346: 0 | H346: 1300 | I346: 10 | J346: =D346+G346 -> 30 | K346: =I346*E346 -> 29010 | L346: =(1-$Q$2)*(E346+H346)*I692 -> 0 | M346: =K346-L346 -> 29010
A349: Capacity Constraints:
A350: Sailing | B350: Cabin Type | C350: B_Early (col I) | D350: B_Premium (col I) | E350: B_Standard (col I) | F350: SUM(B_E+B_P+B_S) | G350: Cap+OB (col J) | H350: Capacity | I350: Overbooking number | J350: Max Capacity
A351: S1 | B351: Balcony | C351: =I5 -> 412 | D351: =I6 -> 286 | E351: =I7 -> 423 | F351: =SUM(I5:I7) -> 1121 | G351: =J5 -> 1121 | H351: 1088 | I351: 33 | J351: =H351+I351 -> 1121
A352: S1 | B352: Club Balcony | C352: =I8 -> 119 | D352: =I9 -> 79 | E352: =I10 -> 116 | F352: =SUM(I8:I10) -> 314 | G352: =J8 -> 316 | H352: 308 | I352: 6 | J352: =H352+I352 -> 314
A353: S1 | B353: Haven | C353: =I11 -> 27 | D353: =I12 -> 18 | E353: =I13 -> 26 | F353: =SUM(I11:I13) -> 71 | G353: =J11 -> 81 | H353: 80 | I353: 0 | J353: =H353+I353 -> 80
A354: S1 | B354: Inside | C354: =I14 -> 135 | D354: =I15 -> 96 | E354: =I16 -> 143 | F354: =SUM(I14:I16) -> 374 | G354: =J14 -> 385 | H354: 374 | I354: 0 | J354: =H354+I354 -> 374
A355: S1 | B355: Oceanview | C355: =I17 -> 40 | D355: =I18 -> 27 | E355: =I19 -> 39 | F355: =SUM(I17:I19) -> 106 | G355: =J17 -> 114 | H355: 111 | I355: 0 | J355: =H355+I355 -> 111
A356: S1 | B356: Studio | C356: =I20 -> 28 | D356: =I21 -> 18 | E356: =I22 -> 27 | F356: =SUM(I20:I22) -> 73 | G356: =J20 -> 84 | H356: 82 | I356: 0 | J356: =H356+I356 -> 82
A357: S10 | B357: Balcony | C357: =I23 -> 366 | D357: =I24 -> 275 | E357: =I25 -> 407 | F357: =SUM(I23:I25) -> 1048 | G357: =J23 -> 1079 | H357: 1048 | I357: 0 | J357: =H357+I357 -> 1048
A358: S10 | B358: Club Balcony | C358: =I26 -> 96 | D358: =I27 -> 66 | E358: =I28 -> 98 | F358: =SUM(I26:I28) -> 260 | G358: =J26 -> 266 | H358: 260 | I358: 0 | J358: =H358+I358 -> 260
A359: S10 | B359: Haven | C359: =I29 -> 39 | D359: =I30 -> 26 | E359: =I31 -> 38 | F359: =SUM(I29:I31) -> 103 | G359: =J29 -> 119 | H359: 118 | I359: 0 | J359: =H359+I359 -> 118
A360: S10 | B360: Inside | C360: =I32 -> 129 | D360: =I33 -> 85 | E360: =I34 -> 126 | F360: =SUM(I32:I34) -> 340 | G360: =J32 -> 340 | H360: 330 | I360: 10 | J360: =H360+I360 -> 340
A361: S10 | B361: Oceanview | C361: =I35 -> 40 | D361: =I36 -> 27 | E361: =I37 -> 39 | F361: =SUM(I35:I37) -> 106 | G361: =J35 -> 114 | H361: 111 | I361: 0 | J361: =H361+I361 -> 111
A362: S10 | B362: Suite | C362: =I38 -> 21 | D362: =I39 -> 14 | E362: =I40 -> 20 | F362: =SUM(I38:I40) -> 55 | G362: =J38 -> 60 | H362: 59 | I362: 0 | J362: =H362+I362 -> 59
A363: S11 | B363: Balcony | C363: =I41 -> 137 | D363: =I42 -> 94 | E363: =I43 -> 140 | F363: =SUM(I41:I43) -> 371 | G363: =J41 -> 371 | H363: 360 | I363: 11 | J363: =H363+I363 -> 371
A364: S11 | B364: Club Balcony | C364: =I44 -> 52 | D364: =I45 -> 34 | E364: =I46 -> 51 | F364: =SUM(I44:I46) -> 137 | G364: =J44 -> 137 | H364: 134 | I364: 3 | J364: =H364+I364 -> 137
A365: S11 | B365: Haven | C365: =I47 -> 6 | D365: =I48 -> 4 | E365: =I49 -> 6 | F365: =SUM(I47:I49) -> 16 | G365: =J47 -> 18 | H365: 18 | I365: 0 | J365: =H365+I365 -> 18
A366: S11 | B366: Inside | C366: =I50 -> 159 | D366: =I51 -> 104 | E366: =I52 -> 154 | F366: =SUM(I50:I52) -> 417 | G366: =J50 -> 417 | H366: 405 | I366: 12 | J366: =H366+I366 -> 417
A367: S11 | B367: Oceanview | C367: =I53 -> 89 | D367: =I54 -> 58 | E367: =I55 -> 86 | F367: =SUM(I53:I55) -> 233 | G367: =J53 -> 249 | H367: 243 | I367: 0 | J367: =H367+I367 -> 243
A368: S11 | B368: Suite | C368: =I56 -> 10 | D368: =I57 -> 7 | E368: =I58 -> 10 | F368: =SUM(I56:I58) -> 27 | G368: =J56 -> 30 | H368: 30 | I368: 0 | J368: =H368+I368 -> 30
A369: S12 | B369: Balcony | C369: =I59 -> 358 | D369: =I60 -> 248 | E369: =I61 -> 368 | F369: =SUM(I59:I61) -> 974 | G369: =J59 -> 974 | H369: 946 | I369: 28 | J369: =H369+I369 -> 974
A370: S12 | B370: Club Balcony | C370: =I62 -> 19 | D370: =I63 -> 12 | E370: =I64 -> 18 | F370: =SUM(I62:I64) -> 49 | G370: =J62 -> 49 | H370: 48 | I370: 1 | J370: =H370+I370 -> 49
A371: S12 | B371: Haven | C371: =I65 -> 36 | D371: =I66 -> 24 | E371: =I67 -> 35 | F371: =SUM(I65:I67) -> 95 | G371: =J65 -> 108 | H371: 107 | I371: 0 | J371: =H371+I371 -> 107
A372: S12 | B372: Inside | C372: =I68 -> 98 | D372: =I69 -> 70 | E372: =I70 -> 104 | F372: =SUM(I68:I70) -> 272 | G372: =J68 -> 280 | H372: 272 | I372: 0 | J372: =H372+I372 -> 272
A373: S12 | B373: Oceanview | C373: =I71 -> 45 | D373: =I72 -> 30 | E373: =I73 -> 44 | F373: =SUM(I71:I73) -> 119 | G373: =J71 -> 127 | H373: 124 | I373: 0 | J373: =H373+I373 -> 124
A374: S12 | B374: Studio | C374: =I74 -> 25 | D374: =I75 -> 16 | E374: =I76 -> 24 | F374: =SUM(I74:I76) -> 65 | G374: =J74 -> 74 | H374: 73 | I374: 0 | J374: =H374+I374 -> 73
A375: S12 | B375: Suite | C375: =I77 -> 13 | D375: =I78 -> 8 | E375: =I79 -> 12 | F375: =SUM(I77:I79) -> 33 | G375: =J77 -> 37 | H375: 36 | I375: 0 | J375: =H375+I375 -> 36
A376: S13 | B376: Balcony | C376: =I80 -> 126 | D376: =I81 -> 94 | E376: =I82 -> 140 | F376: =SUM(I80:I82) -> 360 | G376: =J80 -> 371 | H376: 360 | I376: 0 | J376: =H376+I376 -> 360
A377: S13 | B377: Club Balcony | C377: =I83 -> 49 | D377: =I84 -> 34 | E377: =I85 -> 51 | F377: =SUM(I83:I85) -> 134 | G377: =J83 -> 137 | H377: 134 | I377: 0 | J377: =H377+I377 -> 134
A378: S13 | B378: Haven | C378: =I86 -> 6 | D378: =I87 -> 4 | E378: =I88 -> 6 | F378: =SUM(I86:I88) -> 16 | G378: =J86 -> 18 | H378: 18 | I378: 0 | J378: =H378+I378 -> 18
A379: S13 | B379: Inside | C379: =I89 -> 161 | D379: =I90 -> 106 | E379: =I91 -> 157 | F379: =SUM(I89:I91) -> 424 | G379: =J89 -> 424 | H379: 412 | I379: 12 | J379: =H379+I379 -> 424
A380: S13 | B380: Oceanview | C380: =I92 -> 89 | D380: =I93 -> 58 | E380: =I94 -> 86 | F380: =SUM(I92:I94) -> 233 | G380: =J92 -> 249 | H380: 243 | I380: 0 | J380: =H380+I380 -> 243
A381: S13 | B381: Suite | C381: =I95 -> 10 | D381: =I96 -> 7 | E381: =I97 -> 10 | F381: =SUM(I95:I97) -> 27 | G381: =J95 -> 30 | H381: 30 | I381: 0 | J381: =H381+I381 -> 30
A382: S14 | B382: Balcony | C382: =I98 -> 93 | D382: =I99 -> 64 | E382: =I100 -> 95 | F382: =SUM(I98:I100) -> 252 | G382: =J98 -> 252 | H382: 245 | I382: 7 | J382: =H382+I382 -> 252
A383: S14 | B383: Inside | C383: =I101 -> 156 | D383: =I102 -> 110 | E383: =I103 -> 163 | F383: =SUM(I101:I103) -> 429 | G383: =J101 -> 442 | H383: 429 | I383: 0 | J383: =H383+I383 -> 429
A384: S14 | B384: Oceanview | C384: =I104 -> 114 | D384: =I105 -> 75 | E384: =I106 -> 111 | F384: =SUM(I104:I106) -> 300 | G384: =J104 -> 321 | H384: 313 | I384: 0 | J384: =H384+I384 -> 313
A385: S14 | B385: Suite | C385: =I107 -> 5 | D385: =I108 -> 3 | E385: =I109 -> 5 | F385: =SUM(I107:I109) -> 13 | G385: =J107 -> 15 | H385: 15 | I385: 0 | J385: =H385+I385 -> 15
A386: S15 | B386: Balcony | C386: =I110 -> 136 | D386: =I111 -> 102 | E386: =I112 -> 152 | F386: =SUM(I110:I112) -> 390 | G386: =J110 -> 402 | H386: 390 | I386: 0 | J386: =H386+I386 -> 390
A387: S15 | B387: Inside | C387: =I113 -> 143 | D387: =I114 -> 101 | E387: =I115 -> 150 | F387: =SUM(I113:I115) -> 394 | G387: =J113 -> 406 | H387: 394 | I387: 0 | J387: =H387+I387 -> 394
A388: S15 | B388: Oceanview | C388: =I116 -> 81 | D388: =I117 -> 54 | E388: =I118 -> 79 | F388: =SUM(I116:I118) -> 214 | G388: =J116 -> 229 | H388: 223 | I388: 0 | J388: =H388+I388 -> 223
A389: S15 | B389: Suite | C389: =I119 -> 6 | D389: =I120 -> 4 | E389: =I121 -> 6 | F389: =SUM(I119:I121) -> 16 | G389: =J119 -> 18 | H389: 18 | I389: 0 | J389: =H389+I389 -> 18
A390: S16 | B390: Balcony | C390: =I122 -> 128 | D390: =I123 -> 97 | E390: =I124 -> 143 | F390: =SUM(I122:I124) -> 368 | G390: =J122 -> 379 | H390: 368 | I390: 0 | J390: =H390+I390 -> 368
A391: S16 | B391: Club Balcony | C391: =I125 -> 40 | D391: =I126 -> 27 | E391: =I127 -> 40 | F391: =SUM(I125:I127) -> 107 | G391: =J125 -> 110 | H391: 107 | I391: 0 | J391: =H391+I391 -> 107
A392: S16 | B392: Inside | C392: =I128 -> 139 | D392: =I129 -> 99 | E392: =I130 -> 147 | F392: =SUM(I128:I130) -> 385 | G392: =J128 -> 397 | H392: 385 | I392: 0 | J392: =H392+I392 -> 385
A393: S16 | B393: Oceanview | C393: =I131 -> 91 | D393: =I132 -> 60 | E393: =I133 -> 89 | F393: =SUM(I131:I133) -> 240 | G393: =J131 -> 256 | H393: 250 | I393: 0 | J393: =H393+I393 -> 250
A394: S16 | B394: Suite | C394: =I134 -> 22 | D394: =I135 -> 15 | E394: =I136 -> 22 | F394: =SUM(I134:I136) -> 59 | G394: =J134 -> 65 | H394: 64 | I394: 0 | J394: =H394+I394 -> 64
A395: S17 | B395: Balcony | C395: =I137 -> 132 | D395: =I138 -> 100 | E395: =I139 -> 148 | F395: =SUM(I137:I139) -> 380 | G395: =J137 -> 391 | H395: 380 | I395: 0 | J395: =H395+I395 -> 380
A396: S17 | B396: Club Balcony | C396: =I140 -> 12 | D396: =I141 -> 8 | E396: =I142 -> 12 | F396: =SUM(I140:I142) -> 32 | G396: =J140 -> 33 | H396: 32 | I396: 0 | J396: =H396+I396 -> 32
A397: S17 | B397: Inside | C397: =I143 -> 115 | D397: =I144 -> 75 | E397: =I145 -> 112 | F397: =SUM(I143:I145) -> 302 | G397: =J143 -> 302 | H397: 293 | I397: 9 | J397: =H397+I397 -> 302
A398: S17 | B398: Oceanview | C398: =I146 -> 89 | D398: =I147 -> 58 | E398: =I148 -> 86 | F398: =SUM(I146:I148) -> 233 | G398: =J146 -> 249 | H398: 243 | I398: 0 | J398: =H398+I398 -> 243
...

Sheet Sheet2
A1: Overbooking Constraints: SUM(I_Early:I_Standard) - D ≤ G (Actual OB ≤ OB Cap, per Sailing × Cabin Type)
A2: Sailing | B2: Cabin Type | C2: B_Early (col I) | D2: B_Premium (col I) | E2: B_Standard (col I) | F2: SUM - Capacity (Actual OB) | G2: OB Cap (col G)
A3: S1 | B3: Balcony | C3: =Sheet1!I5 -> 412 | D3: =Sheet1!I6 -> 286 | E3: =Sheet1!I7 -> 423 | F3: =SUM(Sheet1!I5:I7)-Sheet1!D5 -> 33 | G3: =Sheet1!G5 -> 33
A4: S1 | B4: Club Balcony | C4: =Sheet1!I8 -> 119 | D4: =Sheet1!I9 -> 79 | E4: =Sheet1!I10 -> 116 | F4: =SUM(Sheet1!I8:I10)-Sheet1!D8 -> 6 | G4: =Sheet1!G8 -> 8
A5: S1 | B5: Haven | C5: =Sheet1!I11 -> 27 | D5: =Sheet1!I12 -> 18 | E5: =Sheet1!I13 -> 26 | F5: =SUM(Sheet1!I11:I13)-Sheet1!D11 -> -9 | G5: =Sheet1!G11 -> 1
A6: S1 | B6: Inside | C6: =Sheet1!I14 -> 135 | D6: =Sheet1!I15 -> 96 | E6: =Sheet1!I16 -> 143 | F6: =SUM(Sheet1!I14:I16)-Sheet1!D14 -> 0 | G6: =Sheet1!G14 -> 11
A7: S1 | B7: Oceanview | C7: =Sheet1!I17 -> 40 | D7: =Sheet1!I18 -> 27 | E7: =Sheet1!I19 -> 39 | F7: =SUM(Sheet1!I17:I19)-Sheet1!D17 -> -5 | G7: =Sheet1!G17 -> 3
A8: S1 | B8: Studio | C8: =Sheet1!I20 -> 28 | D8: =Sheet1!I21 -> 18 | E8: =Sheet1!I22 -> 27 | F8: =SUM(Sheet1!I20:I22)-Sheet1!D20 -> -9 | G8: =Sheet1!G20 -> 2
A9: S10 | B9: Balcony | C9: =Sheet1!I23 -> 366 | D9: =Sheet1!I24 -> 275 | E9: =Sheet1!I25 -> 407 | F9: =SUM(Sheet1!I23:I25)-Sheet1!D23 -> 0 | G9: =Sheet1!G23 -> 31
A10: S10 | B10: Club Balcony | C10: =Sheet1!I26 -> 96 | D10: =Sheet1!I27 -> 66 | E10: =Sheet1!I28 -> 98 | F10: =SUM(Sheet1!I26:I28)-Sheet1!D26 -> 0 | G10: =Sheet1!G26 -> 6
A11: S10 | B11: Haven | C11: =Sheet1!I29 -> 39 | D11: =Sheet1!I30 -> 26 | E11: =Sheet1!I31 -> 38 | F11: =SUM(Sheet1!I29:I31)-Sheet1!D29 -> -15 | G11: =Sheet1!G29 -> 1
A12: S10 | B12: Inside | C12: =Sheet1!I32 -> 129 | D12: =Sheet1!I33 -> 85 | E12: =Sheet1!I34 -> 126 | F12: =SUM(Sheet1!I32:I34)-Sheet1!D32 -> 10 | G12: =Sheet1!G32 -> 10
A13: S10 | B13: Oceanview | C13: =Sheet1!I35 -> 40 | D13: =Sheet1!I36 -> 27 | E13: =Sheet1!I37 -> 39 | F13: =SUM(Sheet1!I35:I37)-Sheet1!D35 -> -5 | G13: =Sheet1!G35 -> 3
A14: S10 | B14: Suite | C14: =Sheet1!I38 -> 21 | D14: =Sheet1!I39 -> 14 | E14: =Sheet1!I40 -> 20 | F14: =SUM(Sheet1!I38:I40)-Sheet1!D38 -> -4 | G14: =Sheet1!G38 -> 1
A15: S11 | B15: Balcony | C15: =Sheet1!I41 -> 137 | D15: =Sheet1!I42 -> 94 | E15: =Sheet1!I43 -> 140 | F15: =SUM(Sheet1!I41:I43)-Sheet1!D41 -> 11 | G15: =Sheet1!G41 -> 11
A16: S11 | B16: Club Balcony | C16: =Sheet1!I44 -> 52 | D16: =Sheet1!I45 -> 34 | E16: =Sheet1!I46 -> 51 | F16: =SUM(Sheet1!I44:I46)-Sheet1!D44 -> 3 | G16: =Sheet1!G44 -> 3
A17: S11 | B17: Haven | C17: =Sheet1!I47 -> 6 | D17: =Sheet1!I48 -> 4 | E17: =Sheet1!I49 -> 6 | F17: =SUM(Sheet1!I47:I49)-Sheet1!D47 -> -2 | G17: =Sheet1!G47 -> 0
A18: S11 | B18: Inside | C18: =Sheet1!I50 -> 159 | D18: =Sheet1!I51 -> 104 | E18: =Sheet1!I52 -> 154 | F18: =SUM(Sheet1!I50:I52)-Sheet1!D50 -> 12 | G18: =Sheet1!G50 -> 12
A19: S11 | B19: Oceanview | C19: =Sheet1!I53 -> 89 | D19: =Sheet1!I54 -> 58 | E19: =Sheet1!I55 -> 86 | F19: =SUM(Sheet1!I53:I55)-Sheet1!D53 -> -10 | G19: =Sheet1!G53 -> 6
A20: S11 | B20: Suite | C20: =Sheet1!I56 -> 10 | D20: =Sheet1!I57 -> 7 | E20: =Sheet1!I58 -> 10 | F20: =SUM(Sheet1!I56:I58)-Sheet1!D56 -> -3 | G20: =Sheet1!G56 -> 0
A21: S12 | B21: Balcony | C21: =Sheet1!I59 -> 358 | D21: =Sheet1!I60 -> 248 | E21: =Sheet1!I61 -> 368 | F21: =SUM(Sheet1!I59:I61)-Sheet1!D59 -> 28 | G21: =Sheet1!G59 -> 28
A22: S12 | B22: Club Balcony | C22: =Sheet1!I62 -> 19 | D22: =Sheet1!I63 -> 12 | E22: =Sheet1!I64 -> 18 | F22: =SUM(Sheet1!I62:I64)-Sheet1!D62 -> 1 | G22: =Sheet1!G62 -> 1
A23: S12 | B23: Haven | C23: =Sheet1!I65 -> 36 | D23: =Sheet1!I66 -> 24 | E23: =Sheet1!I67 -> 35 | F23: =SUM(Sheet1!I65:I67)-Sheet1!D65 -> -12 | G23: =Sheet1!G65 -> 1
A24: S12 | B24: Inside | C24: =Sheet1!I68 -> 98 | D24: =Sheet1!I69 -> 70 | E24: =Sheet1!I70 -> 104 | F24: =SUM(Sheet1!I68:I70)-Sheet1!D68 -> 0 | G24: =Sheet1!G68 -> 8
A25: S12 | B25: Oceanview | C25: =Sheet1!I71 -> 45 | D25: =Sheet1!I72 -> 30 | E25: =Sheet1!I73 -> 44 | F25: =SUM(Sheet1!I71:I73)-Sheet1!D71 -> -5 | G25: =Sheet1!G71 -> 3
A26: S12 | B26: Studio | C26: =Sheet1!I74 -> 25 | D26: =Sheet1!I75 -> 16 | E26: =Sheet1!I76 -> 24 | F26: =SUM(Sheet1!I74:I76)-Sheet1!D74 -> -8 | G26: =Sheet1!G74 -> 1
A27: S12 | B27: Suite | C27: =Sheet1!I77 -> 13 | D27: =Sheet1!I78 -> 8 | E27: =Sheet1!I79 -> 12 | F27: =SUM(Sheet1!I77:I79)-Sheet1!D77 -> -3 | G27: =Sheet1!G77 -> 1
A28: S13 | B28: Balcony | C28: =Sheet1!I80 -> 126 | D28: =Sheet1!I81 -> 94 | E28: =Sheet1!I82 -> 140 | F28: =SUM(Sheet1!I80:I82)-Sheet1!D80 -> 0 | G28: =Sheet1!G80 -> 11
A29: S13 | B29: Club Balcony | C29: =Sheet1!I83 -> 49 | D29: =Sheet1!I84 -> 34 | E29: =Sheet1!I85 -> 51 | F29: =SUM(Sheet1!I83:I85)-Sheet1!D83 -> 0 | G29: =Sheet1!G83 -> 3
A30: S13 | B30: Haven | C30: =Sheet1!I86 -> 6 | D30: =Sheet1!I87 -> 4 | E30: =Sheet1!I88 -> 6 | F30: =SUM(Sheet1!I86:I88)-Sheet1!D86 -> -2 | G30: =Sheet1!G86 -> 0
A31: S13 | B31: Inside | C31: =Sheet1!I89 -> 161 | D31: =Sheet1!I90 -> 106 | E31: =Sheet1!I91 -> 157 | F31: =SUM(Sheet1!I89:I91)-Sheet1!D89 -> 12 | G31: =Sheet1!G89 -> 12
A32: S13 | B32: Oceanview | C32: =Sheet1!I92 -> 89 | D32: =Sheet1!I93 -> 58 | E32: =Sheet1!I94 -> 86 | F32: =SUM(Sheet1!I92:I94)-Sheet1!D92 -> -10 | G32: =Sheet1!G92 -> 6
A33: S13 | B33: Suite | C33: =Sheet1!I95 -> 10 | D33: =Sheet1!I96 -> 7 | E33: =Sheet1!I97 -> 10 | F33: =SUM(Sheet1!I95:I97)-Sheet1!D95 -> -3 | G33: =Sheet1!G95 -> 0
A34: S14 | B34: Balcony | C34: =Sheet1!I98 -> 93 | D34: =Sheet1!I99 -> 64 | E34: =Sheet1!I100 -> 95 | F34: =SUM(Sheet1!I98:I100)-Sheet1!D98 -> 7 | G34: =Sheet1!G98 -> 7
A35: S14 | B35: Inside | C35: =Sheet1!I101 -> 156 | D35: =Sheet1!I102 -> 110 | E35: =Sheet1!I103 -> 163 | F35: =SUM(Sheet1!I101:I103)-Sheet1!D101 -> 0 | G35: =Sheet1!G101 -> 13
A36: S14 | B36: Oceanview | C36: =Sheet1!I104 -> 114 | D36: =Sheet1!I105 -> 75 | E36: =Sheet1!I106 -> 111 | F36: =SUM(Sheet1!I104:I106)-Sheet1!D104 -> -13 | G36: =Sheet1!G104 -> 8
A37: S14 | B37: Suite | C37: =Sheet1!I107 -> 5 | D37: =Sheet1!I108 -> 3 | E37: =Sheet1!I109 -> 5 | F37: =SUM(Sheet1!I107:I109)-Sheet1!D107 -> -2 | G37: =Sheet1!G107 -> 0
A38: S15 | B38: Balcony | C38: =Sheet1!I110 -> 136 | D38: =Sheet1!I111 -> 102 | E38: =Sheet1!I112 -> 152 | F38: =SUM(Sheet1!I110:I112)-Sheet1!D110 -> 0 | G38: =Sheet1!G110 -> 12
A39: S15 | B39: Inside | C39: =Sheet1!I113 -> 143 | D39: =Sheet1!I114 -> 101 | E39: =Sheet1!I115 -> 150 | F39: =SUM(Sheet1!I113:I115)-Sheet1!D113 -> 0 | G39: =Sheet1!G113 -> 12
A40: S15 | B40: Oceanview | C40: =Sheet1!I116 -> 81 | D40: =Sheet1!I117 -> 54 | E40: =Sheet1!I118 -> 79 | F40: =SUM(Sheet1!I116:I118)-Sheet1!D116 -> -9 | G40: =Sheet1!G116 -> 6
A41: S15 | B41: Suite | C41: =Sheet1!I119 -> 6 | D41: =Sheet1!I120 -> 4 | E41: =Sheet1!I121 -> 6 | F41: =SUM(Sheet1!I119:I121)-Sheet1!D119 -> -2 | G41: =Sheet1!G119 -> 0
A42: S16 | B42: Balcony | C42: =Sheet1!I122 -> 128 | D42: =Sheet1!I123 -> 97 | E42: =Sheet1!I124 -> 143 | F42: =SUM(Sheet1!I122:I124)-Sheet1!D122 -> 0 | G42: =Sheet1!G122 -> 11
A43: S16 | B43: Club Balcony | C43: =Sheet1!I125 -> 40 | D43: =Sheet1!I126 -> 27 | E43: =Sheet1!I127 -> 40 | F43: =SUM(Sheet1!I125:I127)-Sheet1!D125 -> 0 | G43: =Sheet1!G125 -> 3
A44: S16 | B44: Inside | C44: =Sheet1!I128 -> 139 | D44: =Sheet1!I129 -> 99 | E44: =Sheet1!I130 -> 147 | F44: =SUM(Sheet1!I128:I130)-Sheet1!D128 -> 0 | G44: =Sheet1!G128 -> 12
A45: S16 | B45: Oceanview | C45: =Sheet1!I131 -> 91 | D45: =Sheet1!I132 -> 60 | E45: =Sheet1!I133 -> 89 | F45: =SUM(Sheet1!I131:I133)-Sheet1!D131 -> -10 | G45: =Sheet1!G131 -> 6
A46: S16 | B46: Suite | C46: =Sheet1!I134 -> 22 | D46: =Sheet1!I135 -> 15 | E46: =Sheet1!I136 -> 22 | F46: =SUM(Sheet1!I134:I136)-Sheet1!D134 -> -5 | G46: =Sheet1!G134 -> 1
A47: S17 | B47: Balcony | C47: =Sheet1!I137 -> 132 | D47: =Sheet1!I138 -> 100 | E47: =Sheet1!I139 -> 148 | F47: =SUM(Sheet1!I137:I139)-Sheet1!D137 -> 0 | G47: =Sheet1!G137 -> 11
A48: S17 | B48: Club Balcony | C48: =Sheet1!I140 -> 12 | D48: =Sheet1!I141 -> 8 | E48: =Sheet1!I142 -> 12 | F48: =SUM(Sheet1!I140:I142)-Sheet1!D140 -> 0 | G48: =Sheet1!G140 -> 1
A49: S17 | B49: Inside | C49: =Sheet1!I143 -> 115 | D49: =Sheet1!I144 -> 75 | E49: =Sheet1!I145 -> 112 | F49: =SUM(Sheet1!I143:I145)-Sheet1!D143 -> 9 | G49: =Sheet1!G143 -> 9
A50: S17 | B50: Oceanview | C50: =Sheet1!I146 -> 89 | D50: =Sheet1!I147 -> 58 | E50: =Sheet1!I148 -> 86 | F50: =SUM(Sheet1!I146:I148)-Sheet1!D146 -> -10 | G50: =Sheet1!G146 -> 6
A51: S17 | B51: Suite | C51: =Sheet1!I149 -> 7 | D51: =Sheet1!I150 -> 5 | E51: =Sheet1!I151 -> 7 | F51: =SUM(Sheet1!I149:I151)-Sheet1!D149 -> -1 | G51: =Sheet1!G149 -> 0
A52: S18 | B52: Balcony | C52: =Sheet1!I152 -> 357 | D52: =Sheet1!I153 -> 248 | E52: =Sheet1!I154 -> 366 | F52: =SUM(Sheet1!I152:I154)-Sheet1!D152 -> 28 | G52: =Sheet1!G152 -> 28
A53: S18 | B53: Club Balcony | C53: =Sheet1!I155 -> 19 | D53: =Sheet1!I156 -> 12 | E53: =Sheet1!I157 -> 18 | F53: =SUM(Sheet1!I155:I157)-Sheet1!D155 -> 1 | G53: =Sheet1!G155 -> 1
A54: S18 | B54: Haven | C54: =Sheet1!I158 -> 36 | D54: =Sheet1!I159 -> 24 | E54: =Sheet1!I160 -> 35 | F54: =SUM(Sheet1!I158:I160)-Sheet1!D158 -> -12 | G54: =Sheet1!G158 -> 1
A55: S18 | B55: Inside | C55: =Sheet1!I161 -> 98 | D55: =Sheet1!I162 -> 70 | E55: =Sheet1!I163 -> 104 | F55: =SUM(Sheet1!I161:I163)-Sheet1!D161 -> 0 | G55: =Sheet1!G161 -> 8
A56: S18 | B56: Oceanview | C56: =Sheet1!I164 -> 46 | D56: =Sheet1!I165 -> 30 | E56: =Sheet1!I166 -> 45 | F56: =SUM(Sheet1!I164:I166)-Sheet1!D164 -> -6 | G56: =Sheet1!G164 -> 3
A57: S18 | B57: Studio | C57: =Sheet1!I167 -> 25 | D57: =Sheet1!I168 -> 16 | E57: =Sheet1!I169 -> 24 | F57: =SUM(Sheet1!I167:I169)-Sheet1!D167 -> -8 | G57: =Sheet1!G167 -> 1
A58: S18 | B58: Suite | C58: =Sheet1!I170 -> 13 | D58: =Sheet1!I171 -> 8 | E58: =Sheet1!I172 -> 12 | F58: =SUM(Sheet1!I170:I172)-Sheet1!D170 -> -3 | G58: =Sheet1!G170 -> 1
A59: S19 | B59: Balcony | C59: =Sheet1!I173 -> 232 | D59: =Sheet1!I174 -> 161 | E59: =Sheet1!I175 -> 238 | F59: =SUM(Sheet1!I173:I175)-Sheet1!D173 -> 18 | G59: =Sheet1!G173 -> 18
A60: S19 | B60: Inside | C60: =Sheet1!I176 -> 81 | D60: =Sheet1!I177 -> 58 | E60: =Sheet1!I178 -> 85 | F60: =SUM(Sheet1!I176:I178)-Sheet1!D176 -> 0 | G60: =Sheet1!G176 -> 7
A61: S19 | B61: Oceanview | C61: =Sheet1!I179 -> 65 | D61: =Sheet1!I180 -> 43 | E61: =Sheet1!I181 -> 63 | F61: =SUM(Sheet1!I179:I181)-Sheet1!D179 -> -7 | G61: =Sheet1!G179 -> 4
A62: S19 | B62: Studio | C62: =Sheet1!I182 -> 1 | D62: =Sheet1!I183 -> 1 | E62: =Sheet1!I184 -> 1 | F62: =SUM(Sheet1!I182:I184)-Sheet1!D182 -> -1 | G62: =Sheet1!G182 -> 0
A63: S19 | B63: Suite | C63: =Sheet1!I185 -> 27 | D63: =Sheet1!I186 -> 17 | E63: =Sheet1!I187 -> 26 | F63: =SUM(Sheet1!I185:I187)-Sheet1!D185 -> -6 | G63: =Sheet1!G185 -> 1
A64: S2 | B64: Balcony | C64: =Sheet1!I188 -> 348 | D64: =Sheet1!I189 -> 262 | E64: =Sheet1!I190 -> 388 | F64: =SUM(Sheet1!I188:I190)-Sheet1!D188 -> 0 | G64: =Sheet1!G188 -> 30
A65: S2 | B65: Club Balcony | C65: =Sheet1!I191 -> 98 | D65: =Sheet1!I192 -> 68 | E65: =Sheet1!I193 -> 100 | F65: =SUM(Sheet1!I191:I193)-Sheet1!D191 -> 0 | G65: =Sheet1!G191 -> 7
A66: S2 | B66: Haven | C66: =Sheet1!I194 -> 27 | D66: =Sheet1!I195 -> 18 | E66: =Sheet1!I196 -> 26 | F66: =SUM(Sheet1!I194:I196)-Sheet1!D194 -> -9 | G66: =Sheet1!G194 -> 1
A67: S2 | B67: Inside | C67: =Sheet1!I197 -> 174 | D67: =Sheet1!I198 -> 115 | E67: =Sheet1!I199 -> 170 | F67: =SUM(Sheet1!I197:I199)-Sheet1!D197 -> 13 | G67: =Sheet1!G197 -> 13
A68: S2 | B68: Oceanview | C68: =Sheet1!I200 -> 59 | D68: =Sheet1!I201 -> 39 | E68: =Sheet1!I202 -> 58 | F68: =SUM(Sheet1!I200:I202)-Sheet1!D200 -> -6 | G68: =Sheet1!G200 -> 4
A69: S2 | B69: Studio | C69: =Sheet1!I203 -> 20 | D69: =Sheet1!I204 -> 13 | E69: =Sheet1!I205 -> 20 | F69: =SUM(Sheet1!I203:I205)-Sheet1!D203 -> -6 | G69: =Sheet1!G203 -> 1
A70: S20 | B70: Balcony | C70: =Sheet1!I206 -> 392 | D70: =Sheet1!I207 -> 271 | E70: =Sheet1!I208 -> 402 | F70: =SUM(Sheet1!I206:I208)-Sheet1!D206 -> 31 | G70: =Sheet1!G206 -> 31
A71: S20 | B71: Club Balcony | C71: =Sheet1!I209 -> 19 | D71: =Sheet1!I210 -> 12 | E71: =Sheet1!I211 -> 18 | F71: =SUM(Sheet1!I209:I211)-Sheet1!D209 -> 1 | G71: =Sheet1!G209 -> 1
A72: S20 | B72: Haven | C72: =Sheet1!I212 -> 41 | D72: =Sheet1!I213 -> 27 | E72: =Sheet1!I214 -> 40 | F72: =SUM(Sheet1!I212:I214)-Sheet1!D212 -> -15 | G72: =Sheet1!G212 -> 1
A73: S20 | B73: Inside | C73: =Sheet1!I215 -> 139 | D73: =Sheet1!I216 -> 91 | E73: =Sheet1!I217 -> 135 | F73: =SUM(Sheet1!I215:I217)-Sheet1!D215 -> 10 | G73: =Sheet1!G215 -> 11
A74: S20 | B74: Oceanview | C74: =Sheet1!I218 -> 51 | D74: =Sheet1!I219 -> 34 | E74: =Sheet1!I220 -> 50 | F74: =SUM(Sheet1!I218:I220)-Sheet1!D218 -> -5 | G74: =Sheet1!G218 -> 4
A75: S20 | B75: Studio | C75: =Sheet1!I221 -> 25 | D75: =Sheet1!I222 -> 16 | E75: =Sheet1!I223 -> 24 | F75: =SUM(Sheet1!I221:I223)-Sheet1!D221 -> -8 | G75: =Sheet1!G221 -> 1
A76: S20 | B76: Suite | C76: =Sheet1!I224 -> 13 | D76: =Sheet1!I225 -> 8 | E76: =Sheet1!I226 -> 12 | F76: =SUM(Sheet1!I224:I226)-Sheet1!D224 -> -3 | G76: =Sheet1!G224 -> 1
A77: S3 | B77: Balcony | C77: =Sheet1!I227 -> 127 | D77: =Sheet1!I228 -> 96 | E77: =Sheet1!I229 -> 141 | F77: =SUM(Sheet1!I227:I229)-Sheet1!D227 -> 0 | G77: =Sheet1!G227 -> 11
A78: S3 | B78: Club Balcony | C78: =Sheet1!I230 -> 42 | D78: =Sheet1!I231 -> 28 | E78: =Sheet1!I232 -> 41 | F78: =SUM(Sheet1!I230:I232)-Sheet1!D230 -> 2 | G78: =Sheet1!G230 -> 3
A79: S3 | B79: Inside | C79: =Sheet1!I233 -> 138 | D79: =Sheet1!I234 -> 99 | E79: =Sheet1!I235 -> 146 | F79: =SUM(Sheet1!I233:I235)-Sheet1!D233 -> 0 | G79: =Sheet1!G233 -> 11
A80: S3 | B80: Oceanview | C80: =Sheet1!I236 -> 91 | D80: =Sheet1!I237 -> 60 | E80: =Sheet1!I238 -> 89 | F80: =SUM(Sheet1!I236:I238)-Sheet1!D236 -> -10 | G80: =Sheet1!G236 -> 6
A81: S3 | B81: Suite | C81: =Sheet1!I239 -> 22 | D81: =Sheet1!I240 -> 15 | E81: =Sheet1!I241 -> 22 | F81: =SUM(Sheet1!I239:I241)-Sheet1!D239 -> -5 | G81: =Sheet1!G239 -> 1
A82: S4 | B82: Balcony | C82: =Sheet1!I242 -> 381 | D82: =Sheet1!I243 -> 286 | E82: =Sheet1!I244 -> 423 | F82: =SUM(Sheet1!I242:I244)-Sheet1!D242 -> 0 | G82: =Sheet1!G242 -> 33
A83: S4 | B83: Club Balcony | C83: =Sheet1!I245 -> 119 | D83: =Sheet1!I246 -> 78 | E83: =Sheet1!I247 -> 115 | F83: =SUM(Sheet1!I245:I247)-Sheet1!D245 -> 6 | G83: =Sheet1!G245 -> 8
A84: S4 | B84: Haven | C84: =Sheet1!I248 -> 27 | D84: =Sheet1!I249 -> 18 | E84: =Sheet1!I250 -> 26 | F84: =SUM(Sheet1!I248:I250)-Sheet1!D248 -> -9 | G84: =Sheet1!G248 -> 1
A85: S4 | B85: Inside | C85: =Sheet1!I251 -> 135 | D85: =Sheet1!I252 -> 96 | E85: =Sheet1!I253 -> 143 | F85: =SUM(Sheet1!I251:I253)-Sheet1!D251 -> 0 | G85: =Sheet1!G251 -> 11
A86: S4 | B86: Oceanview | C86: =Sheet1!I254 -> 40 | D86: =Sheet1!I255 -> 27 | E86: =Sheet1!I256 -> 39 | F86: =SUM(Sheet1!I254:I256)-Sheet1!D254 -> -5 | G86: =Sheet1!G254 -> 3
A87: S4 | B87: Studio | C87: =Sheet1!I257 -> 28 | D87: =Sheet1!I258 -> 18 | E87: =Sheet1!I259 -> 27 | F87: =SUM(Sheet1!I257:I259)-Sheet1!D257 -> -9 | G87: =Sheet1!G257 -> 2
A88: S5 | B88: Balcony | C88: =Sheet1!I260 -> 412 | D88: =Sheet1!I261 -> 285 | E88: =Sheet1!I262 -> 422 | F88: =SUM(Sheet1!I260:I262)-Sheet1!D260 -> 33 | G88: =Sheet1!G260 -> 33
A89: S5 | B89: Club Balcony | C89: =Sheet1!I263 -> 103 | D89: =Sheet1!I264 -> 68 | E89: =Sheet1!I265 -> 100 | F89: =SUM(Sheet1!I263:I265)-Sheet1!D263 -> 6 | G89: =Sheet1!G263 -> 7
A90: S5 | B90: Haven | C90: =Sheet1!I266 -> 25 | D90: =Sheet1!I267 -> 16 | E90: =Sheet1!I268 -> 24 | F90: =SUM(Sheet1!I266:I268)-Sheet1!D266 -> -10 | G90: =Sheet1!G266 -> 1
A91: S5 | B91: Inside | C91: =Sheet1!I269 -> 203 | D91: =Sheet1!I270 -> 144 | E91: =Sheet1!I271 -> 213 | F91: =SUM(Sheet1!I269:I271)-Sheet1!D269 -> 0 | G91: =Sheet1!G269 -> 17
A92: S5 | B92: Studio | C92: =Sheet1!I272 -> 44 | D92: =Sheet1!I273 -> 29 | E92: =Sheet1!I274 -> 43 | F92: =SUM(Sheet1!I272:I274)-Sheet1!D272 -> -12 | G92: =Sheet1!G272 -> 3
A93: S6 | B93: Balcony | C93: =Sheet1!I275 -> 407 | D93: =Sheet1!I276 -> 307 | E93: =Sheet1!I277 -> 454 | F93: =SUM(Sheet1!I275:I277)-Sheet1!D275 -> 0 | G93: =Sheet1!G275 -> 35
A94: S6 | B94: Club Balcony | C94: =Sheet1!I278 -> 113 | D94: =Sheet1!I279 -> 79 | E94: =Sheet1!I280 -> 116 | F94: =SUM(Sheet1!I278:I280)-Sheet1!D278 -> 0 | G94: =Sheet1!G278 -> 8
A95: S6 | B95: Haven | C95: =Sheet1!I281 -> 32 | D95: =Sheet1!I282 -> 21 | E95: =Sheet1!I283 -> 31 | F95: =SUM(Sheet1!I281:I283)-Sheet1!D281 -> -11 | G95: =Sheet1!G281 -> 1
A96: S6 | B96: Inside | C96: =Sheet1!I284 -> 148 | D96: =Sheet1!I285 -> 105 | E96: =Sheet1!I286 -> 155 | F96: =SUM(Sheet1!I284:I286)-Sheet1!D284 -> 0 | G96: =Sheet1!G284 -> 12
A97: S6 | B97: Oceanview | C97: =Sheet1!I287 -> 42 | D97: =Sheet1!I288 -> 27 | E97: =Sheet1!I289 -> 40 | F97: =SUM(Sheet1!I287:I289)-Sheet1!D287 -> -5 | G97: =Sheet1!G287 -> 3
A98: S6 | B98: Studio | C98: =Sheet1!I290 -> 28 | D98: =Sheet1!I291 -> 18 | E98: =Sheet1!I292 -> 27 | F98: =SUM(Sheet1!I290:I292)-Sheet1!D290 -> -9 | G98: =Sheet1!G290 -> 2
A99: S7 | B99: Balcony | C99: =Sheet1!I293 -> 137 | D99: =Sheet1!I294 -> 94 | E99: =Sheet1!I295 -> 140 | F99: =SUM(Sheet1!I293:I295)-Sheet1!D293 -> 11 | G99: =Sheet1!G293 -> 11
A100: S7 | B100: Club Balcony | C100: =Sheet1!I296 -> 52 | D100: =Sheet1!I297 -> 34 | E100: =Sheet1!I298 -> 51 | F100: =SUM(Sheet1!I296:I298)-Sheet1!D296 -> 3 | G100: =Sheet1!G296 -> 3
...
